# External dependency pins — recovered from .gitmodules at 391d9be7^ (933 lines, 311 submodules).
#
# 391d9be7 moved external deps to the shared cache /opt/laplace/external and deleted
# .gitmodules, which was the ONLY record of which commit of each dependency the build
# is pinned to. Nothing replaced it, so from that commit forward the repo could not
# say which geos/proj/gdal/tree-sitter it builds against — a reproducibility loss, not
# just a broken script.
#
# The cache is provisioned ONCE by scripts/bootstrap-laplace-runner.sh. Nothing reads
# this file per build; it exists so the pin set is recorded in the repository and a
# cache can be rebuilt or audited against it.
#
# path<TAB>url<TAB>pinned-commit
external/blake3	https://github.com/BLAKE3-team/BLAKE3.git	95e42b84fc4709974c7b23c7ae885989ab36c31e
external/cutechess	https://github.com/cutechess/cutechess.git	e471973ad41c9c891da1de08d8b9ad630f001168
external/eigen	https://gitlab.com/libeigen/eigen.git	3147391d946bb4b6c68edd901f2add6ac1f31f8c
external/fathom	https://github.com/jdart1/Fathom	c9c6fef0dddc05d2e242c183acf5833149ab676d
external/gdal	https://github.com/OSGeo/gdal.git	501754d048e07b07932ec268b6ed3c43ea0819e3
external/geos	https://github.com/libgeos/geos.git	b74fefb7be4ba6c833760106f95f0f495b832c43
external/googletest	https://github.com/google/googletest.git	b514bdc898e2951020cbdca1304b75f5950d1f59
external/postgis	https://github.com/postgis/postgis.git	3d12666588a84b23a3147618eaa9b40b0fe5e796
external/postgresql	https://git.postgresql.org/git/postgresql.git	62d6c7d3df6287f1bd83199c1a746e50d31571a0
external/proj	https://github.com/OSGeo/PROJ.git	875a485fa5ef435c57f7682f904dd31ca92253ab
external/spectra	https://github.com/yixuan/spectra.git	6841bcbacaa0f0a8446210314e682057a084be4e
external/tree-sitter	https://github.com/tree-sitter/tree-sitter.git	da6fe9beb4f7f67beb75914ca8e0d48ae48d6406
external/tree-sitter-grammars/tree-sitter-ada	https://github.com/briot/tree-sitter-ada	6b58259a08b1a22ba0247a7ce30be384db618da6
external/tree-sitter-grammars/tree-sitter-agda	https://github.com/tree-sitter/tree-sitter-agda	e8d47a6987effe34d5595baf321d82d3519a8527
external/tree-sitter-grammars/tree-sitter-angular	https://github.com/dlvandenberg/tree-sitter-angular	38a8014ed5452cd6b7cf1399c00177a1f5374256
external/tree-sitter-grammars/tree-sitter-arduino	https://github.com/ObserverOfTime/tree-sitter-arduino	11dd46c9ae25135c473c0003a133bb06a484af0c
external/tree-sitter-grammars/tree-sitter-asm	https://github.com/RubixDev/tree-sitter-asm	839741fef4dab5128952334624905c82b40c7133
external/tree-sitter-grammars/tree-sitter-astro	https://github.com/virchau13/tree-sitter-astro	213f6e6973d9b456c6e50e86f19f66877e7ef0ee
external/tree-sitter-grammars/tree-sitter-authzed	https://github.com/mleonidas/tree-sitter-authzed	83e5c26a8687eb4688fe91d690c735cc3d21ad81
external/tree-sitter-grammars/tree-sitter-awk	https://github.com/Beaglefoot/tree-sitter-awk	34bbdc7cce8e803096f47b625979e34c1be38127
external/tree-sitter-grammars/tree-sitter-bash	https://github.com/tree-sitter/tree-sitter-bash	a06c2e4415e9bc0346c6b86d401879ffb44058f7
external/tree-sitter-grammars/tree-sitter-bass	https://github.com/vito/tree-sitter-bass	28dc7059722be090d04cd751aed915b2fee2f89a
external/tree-sitter-grammars/tree-sitter-beancount	https://github.com/polarmutex/tree-sitter-beancount	c5e6cdf260629f76035a0c0de830947f385ae622
external/tree-sitter-grammars/tree-sitter-bibtex	https://github.com/latex-lsp/tree-sitter-bibtex	8d04ed27b3bc7929f14b7df9236797dab9f3fa66
external/tree-sitter-grammars/tree-sitter-bicep	https://github.com/amaanq/tree-sitter-bicep	bff59884307c0ab009bd5e81afd9324b46a6c0f9
external/tree-sitter-grammars/tree-sitter-bitbake	https://github.com/amaanq/tree-sitter-bitbake	a5d04fdb5a69a02b8fa8eb5525a60dfb5309b73b
external/tree-sitter-grammars/tree-sitter-blade	https://github.com/EmranMR/tree-sitter-blade	5dbdcb0ccbe91e64b038b41545d3acc26c74907a
external/tree-sitter-grammars/tree-sitter-blueprint	https://gitlab.com/gabmus/tree-sitter-blueprint.git	355ef84ef8a958ac822117b652cf4d49bac16c79
external/tree-sitter-grammars/tree-sitter-bp	https://github.com/ambroisie/tree-sitter-bp	ee641d15390183d7535777947ce0f2f1fbcee69f
external/tree-sitter-grammars/tree-sitter-brightscript	https://github.com/ajdelcimmuto/tree-sitter-brightscript	253fdfaa23814cb46c2d5fc19049fa0f2f62c6da
external/tree-sitter-grammars/tree-sitter-c	https://github.com/tree-sitter/tree-sitter-c	b780e47fc780ddc8da13afa35a3f4ed5c157823d
external/tree-sitter-grammars/tree-sitter-c-sharp	https://github.com/tree-sitter/tree-sitter-c-sharp	cac6d5fb595f5811a076336682d5d595ac1c9e85
external/tree-sitter-grammars/tree-sitter-caddy	https://github.com/opa-oz/tree-sitter-caddy	9b3fde99d3d74345b85b655a6d8065e004fbe26f
external/tree-sitter-grammars/tree-sitter-cairo	https://github.com/amaanq/tree-sitter-cairo	6238f609bea233040fe927858156dee5515a0745
external/tree-sitter-grammars/tree-sitter-capnp	https://github.com/amaanq/tree-sitter-capnp	7b0883c03e5edd34ef7bcf703194204299d7099f
external/tree-sitter-grammars/tree-sitter-chatito	https://github.com/ObserverOfTime/tree-sitter-chatito	c0ed82c665b732395073f635c74c300f09530a7f
external/tree-sitter-grammars/tree-sitter-circom	https://github.com/Decurity/tree-sitter-circom	02150524228b1e6afef96949f2d6b7cc0aaf999e
external/tree-sitter-grammars/tree-sitter-clojure	https://github.com/sogaiu/tree-sitter-clojure	e43eff80d17cf34852dcd92ca5e6986d23a7040f
external/tree-sitter-grammars/tree-sitter-cmake	https://github.com/uyha/tree-sitter-cmake	c7b2a71e7f8ecb167fad4c97227c838439280175
external/tree-sitter-grammars/tree-sitter-comment	https://github.com/stsewd/tree-sitter-comment	66272d2b6c73fb61157541b69dd0a7ce7b42a5ad
external/tree-sitter-grammars/tree-sitter-commonlisp	https://github.com/theHamsta/tree-sitter-commonlisp	32323509b3d9fe96607d151c2da2c9009eb13a2f
external/tree-sitter-grammars/tree-sitter-cooklang	https://github.com/addcninblue/tree-sitter-cooklang	4ebe237c1cf64cf3826fc249e9ec0988fe07e58e
external/tree-sitter-grammars/tree-sitter-corn	https://github.com/jakestanger/tree-sitter-corn	464654742cbfd3a3de560aba120998f1d5dfa844
external/tree-sitter-grammars/tree-sitter-cpon	https://github.com/amaanq/tree-sitter-cpon	594289eadfec719198e560f9d7fd243c4db678d5
external/tree-sitter-grammars/tree-sitter-cpp	https://github.com/tree-sitter/tree-sitter-cpp	8b5b49eb196bec7040441bee33b2c9a4838d6967
external/tree-sitter-grammars/tree-sitter-css	https://github.com/tree-sitter/tree-sitter-css	dda5cfc5722c429eaba1c910ca32c2c0c5bb1a3f
external/tree-sitter-grammars/tree-sitter-csv	https://github.com/amaanq/tree-sitter-csv	f6bf6e35eb0b95fbadea4bb39cb9709507fcb181
external/tree-sitter-grammars/tree-sitter-cuda	https://github.com/theHamsta/tree-sitter-cuda	48b066f334f4cf2174e05a50218ce2ed98b6fd01
external/tree-sitter-grammars/tree-sitter-cue	https://github.com/eonpatapon/tree-sitter-cue	dd7b90e0770ff18070c515937ba3c3d6d93db00e
external/tree-sitter-grammars/tree-sitter-cylc	https://github.com/elliotfontaine/tree-sitter-cylc	6d1d81137112299324b526477ce1db989ab58fb8
external/tree-sitter-grammars/tree-sitter-d	https://github.com/gdamore/tree-sitter-d	fb028c8f14f4188286c2eef143f105def6fbf24f
external/tree-sitter-grammars/tree-sitter-dart	https://github.com/UserNobody14/tree-sitter-dart	a9bdfa3db2fbc9b9f12c93450d04a671f33a5102
external/tree-sitter-grammars/tree-sitter-desktop	https://github.com/ValdezFOmar/tree-sitter-desktop	954da7259e0f6c3bb4f811fddce11eb5ac94d9f6
external/tree-sitter-grammars/tree-sitter-devicetree	https://github.com/joelspadin/tree-sitter-devicetree	e78bf56f206cb47bee28a217423acb651e076848
external/tree-sitter-grammars/tree-sitter-dhall	https://github.com/jbellerb/tree-sitter-dhall	62013259b26ac210d5de1abf64cf1b047ef88000
external/tree-sitter-grammars/tree-sitter-diff	https://github.com/the-mikedavis/tree-sitter-diff	2520c3f934b3179bb540d23e0ef45f75304b5fed
external/tree-sitter-grammars/tree-sitter-disassembly	https://github.com/ColinKennedy/tree-sitter-disassembly	0229c0211dba909c5d45129ac784a3f4d49c243a
external/tree-sitter-grammars/tree-sitter-djot	https://github.com/treeman/tree-sitter-djot	759a61896ccb2200a4becec4443e768638a21d58
external/tree-sitter-grammars/tree-sitter-dockerfile	https://github.com/camdencheek/tree-sitter-dockerfile	971acdd908568b4531b0ba28a445bf0bb720aba5
external/tree-sitter-grammars/tree-sitter-dot	https://github.com/rydesun/tree-sitter-dot	80327abbba6f47530edeb0df9f11bd5d5c93c14d
external/tree-sitter-grammars/tree-sitter-doxygen	https://github.com/amaanq/tree-sitter-doxygen	ccd998f378c3f9345ea4eeb223f56d7b84d16687
external/tree-sitter-grammars/tree-sitter-earthfile	https://github.com/glehmann/tree-sitter-earthfile	5baef88717ad0156fd29a8b12d0d8245bb1096a8
external/tree-sitter-grammars/tree-sitter-editorconfig	https://github.com/ValdezFOmar/tree-sitter-editorconfig	bfd74395e393f56ba58db953458b346f02d6f7b2
external/tree-sitter-grammars/tree-sitter-eds	https://github.com/uyha/tree-sitter-eds	26d529e6cfecde391a03c21d1474eb51e0285805
external/tree-sitter-grammars/tree-sitter-eex	https://github.com/connorlay/tree-sitter-eex	f742f2fe327463335e8671a87c0b9b396905d1d1
external/tree-sitter-grammars/tree-sitter-elixir	https://github.com/elixir-lang/tree-sitter-elixir	7937d3b4d65fa574163cfa59394515d3c1cf16f4
external/tree-sitter-grammars/tree-sitter-elm	https://github.com/elm-tooling/tree-sitter-elm	6d9511c28181db66daee4e883f811f6251220943
external/tree-sitter-grammars/tree-sitter-elsa	https://github.com/glapa-grossklag/tree-sitter-elsa	0a66b2b3f3c1915e67ad2ef9f7dbd2a84820d9d7
external/tree-sitter-grammars/tree-sitter-elvish	https://github.com/elves/tree-sitter-elvish	5e7210d945425b77f82cbaebc5af4dd3e1ad40f5
external/tree-sitter-grammars/tree-sitter-embedded-template	https://github.com/tree-sitter/tree-sitter-embedded-template	3499d85f0a0d937c507a4a65368f2f63772786e1
external/tree-sitter-grammars/tree-sitter-enforce	https://github.com/simonvic/tree-sitter-enforce	cb42835385ac6d4fc64fd7b3f962591b928ccc7d
external/tree-sitter-grammars/tree-sitter-erlang	https://github.com/WhatsApp/tree-sitter-erlang	e446ec60022a7cafe157805742b41c04b499cc5d
external/tree-sitter-grammars/tree-sitter-facility	https://github.com/FacilityApi/tree-sitter-facility	e4bfd3e960de9f4b4648acb1c92e9b95b47d8cfb
external/tree-sitter-grammars/tree-sitter-faust	https://github.com/khiner/tree-sitter-faust	2bd027f18927d13afdfdfc3f1e7088aaa515691f
external/tree-sitter-grammars/tree-sitter-fennel	https://github.com/alexmozaidze/tree-sitter-fennel	3f0f6b24d599e92460b969aabc4f4c5a914d15a0
external/tree-sitter-grammars/tree-sitter-fidl	https://github.com/google/tree-sitter-fidl	0a8910f293268e27ff554357c229ba172b0eaed2
external/tree-sitter-grammars/tree-sitter-firrtl	https://github.com/amaanq/tree-sitter-firrtl	8503d3a0fe0f9e427863cb0055699ff2d29ae5f5
external/tree-sitter-grammars/tree-sitter-fish	https://github.com/ram02z/tree-sitter-fish	f435b0bd772578c70e5d158b85267bb886316f88
external/tree-sitter-grammars/tree-sitter-foam	https://github.com/FoamScience/tree-sitter-foam	472c24f11a547820327fb1be565bcfff98ea96a4
external/tree-sitter-grammars/tree-sitter-forth	https://github.com/AlexanderBrevig/tree-sitter-forth	360ef13f8c609ec6d2e80782af69958b84e36cd0
external/tree-sitter-grammars/tree-sitter-fortran	https://github.com/stadelmanma/tree-sitter-fortran	7edacd2b21aa80057d9725384a1304a1c758e0f8
external/tree-sitter-grammars/tree-sitter-fsh	https://github.com/mgramigna/tree-sitter-fsh	fad2e175099a45efbc98f000cc196d3674cc45e0
external/tree-sitter-grammars/tree-sitter-fsharp	https://github.com/ionide/tree-sitter-fsharp	cfc12456941da47b64b7a3994f8dccdc9fe7d2c9
external/tree-sitter-grammars/tree-sitter-func	https://github.com/amaanq/tree-sitter-func	f780ca55e65e7d7360d0229331763e16c452fc98
external/tree-sitter-grammars/tree-sitter-fusion	https://gitlab.com/jirgn/tree-sitter-fusion.git	19db2f47ba4c3a0f6238d4ae0e2abfca16e61dd6
external/tree-sitter-grammars/tree-sitter-gap	https://github.com/gap-system/tree-sitter-gap	3fa54a9bce964731f8a3e0fb80d55805dd4ec8f0
external/tree-sitter-grammars/tree-sitter-gaptst	https://github.com/gap-system/tree-sitter-gaptst	69086d7627c03e1f4baf766bcef14c60d9e92331
external/tree-sitter-grammars/tree-sitter-gdscript	https://github.com/PrestonKnopp/tree-sitter-gdscript	89e66b6bdc002ab976283f277cbb48b780c5d0e9
external/tree-sitter-grammars/tree-sitter-gdshader	https://github.com/GodOfAvacyn/tree-sitter-gdshader	14e834063e136fa69b6d91f711f4f1981acf424b
external/tree-sitter-grammars/tree-sitter-git-config	https://github.com/the-mikedavis/tree-sitter-git-config	0fbc9f99d5a28865f9de8427fb0672d66f9d83a5
external/tree-sitter-grammars/tree-sitter-git-rebase	https://github.com/the-mikedavis/tree-sitter-git-rebase	39bf3b7566c86ccffd70aaa5105c7c8b76788975
external/tree-sitter-grammars/tree-sitter-gitattributes	https://github.com/ObserverOfTime/tree-sitter-gitattributes	1b7af09d45b579f9f288453b95ad555f1f431645
external/tree-sitter-grammars/tree-sitter-gitcommit	https://github.com/gbprod/tree-sitter-gitcommit	49715a9e6f19ce3d33b875aacdd6ad8ddaee0ffe
external/tree-sitter-grammars/tree-sitter-gitignore	https://github.com/shunsambongi/tree-sitter-gitignore	f4685bf11ac466dd278449bcfe5fd014e94aa504
external/tree-sitter-grammars/tree-sitter-gleam	https://github.com/gleam-lang/tree-sitter-gleam	4e4643c2215c2b2343d9ec179c798818c132c9cc
external/tree-sitter-grammars/tree-sitter-glimmer	https://github.com/ember-tooling/tree-sitter-glimmer	88af85568bde3b91acb5d4c352ed094d0c1f9d84
external/tree-sitter-grammars/tree-sitter-glimmer-javascript	https://github.com/NullVoxPopuli/tree-sitter-glimmer-javascript	d9cf7a2f1dad3c6b660148eaf77e955d418fdb8b
external/tree-sitter-grammars/tree-sitter-glimmer-typescript	https://github.com/NullVoxPopuli/tree-sitter-glimmer-typescript	12d98944c1d5077b957cbdb90d663a7c4d50118c
external/tree-sitter-grammars/tree-sitter-glsl	https://github.com/theHamsta/tree-sitter-glsl	24a6c8ef698e4480fecf8340d771fbcb5de8fbb4
external/tree-sitter-grammars/tree-sitter-gn	https://github.com/amaanq/tree-sitter-gn	bc06955bc1e3c9ff8e9b2b2a55b38b94da923c05
external/tree-sitter-grammars/tree-sitter-gnuplot	https://github.com/dpezto/tree-sitter-gnuplot	29586d47b9363c29bf02cc4d1b45c4379adf6317
external/tree-sitter-grammars/tree-sitter-go	https://github.com/tree-sitter/tree-sitter-go	2346a3ab1bb3857b48b29d779a1ef9799a248cd7
external/tree-sitter-grammars/tree-sitter-go-mod	https://github.com/camdencheek/tree-sitter-go-mod	2e886870578eeba1927a2dc4bd2e2b3f598c5f9a
external/tree-sitter-grammars/tree-sitter-go-sum	https://github.com/amaanq/tree-sitter-go-sum	27816eb6b7315746ae9fcf711e4e1396dc1cf237
external/tree-sitter-grammars/tree-sitter-go-template	https://github.com/ngalaiko/tree-sitter-go-template	aa71f63de226c5592dfbfc1f29949522d7c95fac
external/tree-sitter-grammars/tree-sitter-go-work	https://github.com/omertuc/tree-sitter-go-work	949a8a470559543857a62102c84700d291fc984c
external/tree-sitter-grammars/tree-sitter-goctl	https://github.com/chaozwn/tree-sitter-goctl	49c43532689fe1f53e8b9e009d0521cab02c432b
external/tree-sitter-grammars/tree-sitter-godot-resource	https://github.com/PrestonKnopp/tree-sitter-godot-resource	302c1895f54bf74d53a08572f7b26a6614209adc
external/tree-sitter-grammars/tree-sitter-gpg-config	https://github.com/ObserverOfTime/tree-sitter-gpg-config	4024eb268c59204280f8ac71ef146b8ff5e737f6
external/tree-sitter-grammars/tree-sitter-graphql	https://github.com/bkegley/tree-sitter-graphql	5e66e961eee421786bdda8495ed1db045e06b5fe
external/tree-sitter-grammars/tree-sitter-gren	https://github.com/MaeBrooks/tree-sitter-gren	cecd8ce9b18f1803d37682f33b6224978fd04d31
external/tree-sitter-grammars/tree-sitter-groovy	https://github.com/murtaza64/tree-sitter-groovy	deb0dcf8c4544f07564060f6e9b9f6e4b0bfc27d
external/tree-sitter-grammars/tree-sitter-gstlaunch	https://github.com/theHamsta/tree-sitter-gstlaunch	549aef253fd38a53995cda1bf55c501174372bf7
external/tree-sitter-grammars/tree-sitter-hack	https://github.com/slackhq/tree-sitter-hack	1a7ded90288189746c54861ac144ede97df95081
external/tree-sitter-grammars/tree-sitter-hare	https://github.com/amaanq/tree-sitter-hare	eed7ddf6a66b596906aa8ca3d40521b8278adc6f
external/tree-sitter-grammars/tree-sitter-haskell	https://github.com/tree-sitter/tree-sitter-haskell	0975ef72fc3c47b530309ca93937d7d143523628
external/tree-sitter-grammars/tree-sitter-haskell-persistent	https://github.com/MercuryTechnologies/tree-sitter-haskell-persistent	577259b4068b2c281c9ebf94c109bd50a74d5857
external/tree-sitter-grammars/tree-sitter-hcl	https://github.com/MichaHoffmann/tree-sitter-hcl	64ad62785d442eb4d45df3a1764962dafd5bc98b
external/tree-sitter-grammars/tree-sitter-heex	https://github.com/connorlay/tree-sitter-heex	5842537f734d7c12685bf27d6005313e3e5a47a0
external/tree-sitter-grammars/tree-sitter-hjson	https://github.com/winston0410/tree-sitter-hjson	02fa3b79b3ff9a296066da6277adfc3f26cbc9e0
external/tree-sitter-grammars/tree-sitter-hlsl	https://github.com/theHamsta/tree-sitter-hlsl	bab9111922d53d43668fabb61869bec51bbcb915
external/tree-sitter-grammars/tree-sitter-hlsplaylist	https://github.com/Freed-Wu/tree-sitter-hlsplaylist	3bfda9271e3adb08d35f47a2102fe957009e1c55
external/tree-sitter-grammars/tree-sitter-hocon	https://github.com/antosha417/tree-sitter-hocon	c390f10519ae69fdb03b3e5764f5592fb6924bcc
external/tree-sitter-grammars/tree-sitter-hoon	https://github.com/urbit-pilled/tree-sitter-hoon	1545137aadcc63660c47db9ad98d02fa602655d0
external/tree-sitter-grammars/tree-sitter-html	https://github.com/tree-sitter/tree-sitter-html	73a3947324f6efddf9e17c0ea58d454843590cc0
external/tree-sitter-grammars/tree-sitter-htmldjango	https://github.com/interdependence/tree-sitter-htmldjango	a10318892603d9a0b925df7cc7771a840304b997
external/tree-sitter-grammars/tree-sitter-http	https://github.com/rest-nvim/tree-sitter-http	db8b4398de90b6d0b6c780aba96aaa2cd8e9202c
external/tree-sitter-grammars/tree-sitter-hurl	https://github.com/pfeiferj/tree-sitter-hurl	597efbd7ce9a814bb058f48eabd055b1d1e12145
external/tree-sitter-grammars/tree-sitter-hyprlang	https://github.com/luckasRanarison/tree-sitter-hyprlang	cecd6b748107d9da1f7b4ca03ef95f1f71d93b8f
external/tree-sitter-grammars/tree-sitter-idl	https://github.com/cathaysia/tree-sitter-idl	d9ac4b12fd2092fea27f6803defd14b2ae10b4f9
external/tree-sitter-grammars/tree-sitter-idris	https://github.com/kayhide/tree-sitter-idris	c56a25cf57c68ff929356db25505c1cc4c7820f6
external/tree-sitter-grammars/tree-sitter-ini	https://github.com/justinmk/tree-sitter-ini	e4018b5176132b4f3c5d6e61cea383f42288d0f5
external/tree-sitter-grammars/tree-sitter-inko	https://github.com/inko-lang/tree-sitter-inko	4cfe5920f9d350a6f1ffb687d93d618e08ba2e6a
external/tree-sitter-grammars/tree-sitter-ispc	https://github.com/fab4100/tree-sitter-ispc	ba1bb38ac8ddfa6aa7571cbfe9b4d029f7f77447
external/tree-sitter-grammars/tree-sitter-janet-simple	https://github.com/sogaiu/tree-sitter-janet-simple	3c1bdcfff374138da03a1db25c75efce623910fe
external/tree-sitter-grammars/tree-sitter-java	https://github.com/tree-sitter/tree-sitter-java	e10607b45ff745f5f876bfa3e94fbcc6b44bdc11
external/tree-sitter-grammars/tree-sitter-javadoc	https://github.com/rmuir/tree-sitter-javadoc	93d488bb1472c9a83776cd22cd8fd756a9da8161
external/tree-sitter-grammars/tree-sitter-javascript	https://github.com/tree-sitter/tree-sitter-javascript	58404d8cf191d69f2674a8fd507bd5776f46cb11
external/tree-sitter-grammars/tree-sitter-jinja	https://github.com/cathaysia/tree-sitter-jinja	792cc9ebb30c1dbe4f349bd0a9928f0f7581baee
external/tree-sitter-grammars/tree-sitter-jq	https://github.com/flurie/tree-sitter-jq	c204e36d2c3c6fce1f57950b12cabcc24e5cc4d9
external/tree-sitter-grammars/tree-sitter-jsdoc	https://github.com/tree-sitter/tree-sitter-jsdoc	658d18dcdddb75c760363faa4963427a7c6b52db
external/tree-sitter-grammars/tree-sitter-json	https://github.com/tree-sitter/tree-sitter-json	001c28d7a29832b06b0e831ec77845553c89b56d
external/tree-sitter-grammars/tree-sitter-json5	https://github.com/Joakker/tree-sitter-json5	248b8564567087d7866be76569b182f6dd7e14e9
external/tree-sitter-grammars/tree-sitter-jsonc	https://gitlab.com/WhyNotHugo/tree-sitter-jsonc.git	f7890ba894d885d1b2b721cfae759b07d53c8886
external/tree-sitter-grammars/tree-sitter-jsonnet	https://github.com/sourcegraph/tree-sitter-jsonnet	ddd075f1939aed8147b7aa67f042eda3fce22790
external/tree-sitter-grammars/tree-sitter-julia	https://github.com/tree-sitter/tree-sitter-julia	e0f9dcd180fdcfcfa8d79a3531e11d99e79321d3
external/tree-sitter-grammars/tree-sitter-just	https://github.com/IndianBoy42/tree-sitter-just	5685543a6e64f66335e25518c9ae8ffa1dae3d01
external/tree-sitter-grammars/tree-sitter-kcl	https://github.com/kcl-lang/tree-sitter-kcl	026f40fb0a59a35da75b9c8801d52f6c14feda24
external/tree-sitter-grammars/tree-sitter-kconfig	https://github.com/amaanq/tree-sitter-kconfig	9ac99fe4c0c27a35dc6f757cef534c646e944881
external/tree-sitter-grammars/tree-sitter-kdl	https://github.com/amaanq/tree-sitter-kdl	b37e3d58e5c5cf8d739b315d6114e02d42e66664
external/tree-sitter-grammars/tree-sitter-kotlin	https://github.com/fwcd/tree-sitter-kotlin	f66d2908542e93c0204c6c241f794afe4e9cd5d1
external/tree-sitter-grammars/tree-sitter-koto	https://github.com/koto-lang/tree-sitter-koto	e8d41cbaca867aa1b0213e1fc1caeaf593da7bf7
external/tree-sitter-grammars/tree-sitter-kusto	https://github.com/Willem-J-an/tree-sitter-kusto	8353a1296607d6ba33db7c7e312226e5fc83e8ce
external/tree-sitter-grammars/tree-sitter-lalrpop	https://github.com/traxys/tree-sitter-lalrpop	27b0f7bb55b4cabd8f01a933d9ee6a49dbfc2192
external/tree-sitter-grammars/tree-sitter-latex	https://github.com/latex-lsp/tree-sitter-latex	7e0ecdc02926c7b9b2e0c76003d4fe7b0944f957
external/tree-sitter-grammars/tree-sitter-ledger	https://github.com/cbarrete/tree-sitter-ledger	22a1ab8195c1f6e808679f803007756fe7638c6f
external/tree-sitter-grammars/tree-sitter-leo	https://github.com/r001/tree-sitter-leo	6bc5564917edacd070afc4d33cf5e2e677831ea9
external/tree-sitter-grammars/tree-sitter-linkerscript	https://github.com/amaanq/tree-sitter-linkerscript	f99011a3554213b654985a4b0a65b3b032ec4621
external/tree-sitter-grammars/tree-sitter-liquid	https://github.com/hankthetank27/tree-sitter-liquid	e45dbac8c5fa95b1f0e00e7e0c04bc8855823391
external/tree-sitter-grammars/tree-sitter-liquidsoap	https://github.com/savonet/tree-sitter-liquidsoap	0169d92b0a93e9f32289533ef23abdafca579e56
external/tree-sitter-grammars/tree-sitter-llvm	https://github.com/benwilliamgraham/tree-sitter-llvm	2914786ae6774d4c4e25a230f4afe16aa68fe1c1
external/tree-sitter-grammars/tree-sitter-lua	https://github.com/MunifTanjim/tree-sitter-lua	4fbec840c34149b7d5fe10097c93a320ee4af053
external/tree-sitter-grammars/tree-sitter-luadoc	https://github.com/amaanq/tree-sitter-luadoc	873612aadd3f684dd4e631bdf42ea8990c57634e
external/tree-sitter-grammars/tree-sitter-luap	https://github.com/amaanq/tree-sitter-luap	c134aaec6acf4fa95fe4aa0dc9aba3eacdbbe55a
external/tree-sitter-grammars/tree-sitter-luau	https://github.com/amaanq/tree-sitter-luau	a8914d6c1fc5131f8e1c13f769fa704c9f5eb02f
external/tree-sitter-grammars/tree-sitter-m68k	https://github.com/grahambates/tree-sitter-m68k	ab9f2ad96db56619d05a6474a52e3dbdd705a637
external/tree-sitter-grammars/tree-sitter-make	https://github.com/alemuller/tree-sitter-make	a4b9187417d6be349ee5fd4b6e77b4172c6827dd
external/tree-sitter-grammars/tree-sitter-markdown	https://github.com/MDeiml/tree-sitter-markdown	c3570720f7f7bbad22fe96603f106276618e0cf5
external/tree-sitter-grammars/tree-sitter-matlab	https://github.com/acristoffers/tree-sitter-matlab	c2390a59016f74e7d5f75ef09510768b4f30217e
external/tree-sitter-grammars/tree-sitter-menhir	https://github.com/Kerl13/tree-sitter-menhir	be8866a6bcc2b563ab0de895af69daeffa88fe70
external/tree-sitter-grammars/tree-sitter-mermaid	https://github.com/monaqa/tree-sitter-mermaid	90ae195b31933ceb9d079abfa8a3ad0a36fee4cc
external/tree-sitter-grammars/tree-sitter-meson	https://github.com/Decodetalkers/tree-sitter-meson	c84f3540624b81fc44067030afce2ff78d6ede05
external/tree-sitter-grammars/tree-sitter-mlir	https://github.com/artagnon/tree-sitter-mlir	f234edcdab9a10ee7444c172f19f41a8d4afba56
external/tree-sitter-grammars/tree-sitter-muttrc	https://github.com/neomutt/tree-sitter-muttrc	173b0ab53a9c07962c9777189c4c70e90f1c1837
external/tree-sitter-grammars/tree-sitter-nasm	https://github.com/naclsn/tree-sitter-nasm	d1b3638d017f2a8585e26dcfc66fe1df94185e30
external/tree-sitter-grammars/tree-sitter-nginx	https://github.com/opa-oz/tree-sitter-nginx	47ade644d754cce57974aac44d2c9450e823d4f4
external/tree-sitter-grammars/tree-sitter-nickel	https://github.com/nickel-lang/tree-sitter-nickel	3252ec6a65c7e4c3ca6ef3e3be0160111b93fbd7
external/tree-sitter-grammars/tree-sitter-nim	https://github.com/alaviss/tree-sitter-nim	3878440d9398515ae053c6f6024986e69868bb74
external/tree-sitter-grammars/tree-sitter-nim-format-string	https://github.com/aMOPel/tree-sitter-nim-format-string	d45f75022d147cda056e98bfba68222c9c8eca3a
external/tree-sitter-grammars/tree-sitter-ninja	https://github.com/alemuller/tree-sitter-ninja	0a95cfdc0745b6ae82f60d3a339b37f19b7b9267
external/tree-sitter-grammars/tree-sitter-nix	https://github.com/cstrahan/tree-sitter-nix	69fbfb02896cdd27cb7ff3cd61f7f3f6bde4f017
external/tree-sitter-grammars/tree-sitter-norg	https://github.com/nvim-neorg/tree-sitter-norg	d7edfaf89198aab652c7a1f0f818196efedaccfb
external/tree-sitter-grammars/tree-sitter-nqc	https://github.com/amaanq/tree-sitter-nqc	14e6da1627aaef21d2b2aa0c37d04269766dcc1d
external/tree-sitter-grammars/tree-sitter-nu	https://github.com/nushell/tree-sitter-nu	348b787d8b0409091d85fe9d4eb007fe9f3406bb
external/tree-sitter-grammars/tree-sitter-objc	https://github.com/amaanq/tree-sitter-objc	181a81b8f23a2d593e7ab4259981f50122909fda
external/tree-sitter-grammars/tree-sitter-objdump	https://github.com/ColinKennedy/tree-sitter-objdump	28d3b2e25a0b1881d1b47ed1924ca276c7003d45
external/tree-sitter-grammars/tree-sitter-ocaml	https://github.com/tree-sitter/tree-sitter-ocaml	6902a86ab5b3b80c622030210aae2d8cb95eb775
external/tree-sitter-grammars/tree-sitter-ocamllex	https://github.com/atom-ocaml/tree-sitter-ocamllex	33722b8be73079946a7c6dd9598e3f57956ed36d
external/tree-sitter-grammars/tree-sitter-odin	https://github.com/amaanq/tree-sitter-odin	d2ca8efb4487e156a60d5bd6db2598b872629403
external/tree-sitter-grammars/tree-sitter-pascal	https://github.com/Isopod/tree-sitter-pascal	042119eca2e18a60e56317fb06ee3ba5c32cb447
external/tree-sitter-grammars/tree-sitter-passwd	https://github.com/ath3/tree-sitter-passwd	20239395eacdc2e0923a7e5683ad3605aee7b716
external/tree-sitter-grammars/tree-sitter-pem	https://github.com/ObserverOfTime/tree-sitter-pem	e525b177a229b1154fd81bc0691f943028d9e685
external/tree-sitter-grammars/tree-sitter-perl	https://github.com/tree-sitter-perl/tree-sitter-perl	9b651c0ca29a2c581e2bb07815e17432ac3820d3
external/tree-sitter-grammars/tree-sitter-php	https://github.com/tree-sitter/tree-sitter-php	3f2465c217d0a966d41e584b42d75522f2a3149e
external/tree-sitter-grammars/tree-sitter-phpdoc	https://github.com/claytonrcarter/tree-sitter-phpdoc	12d50307e6c02e5f4f876fa6cf2edea1f7808c0d
external/tree-sitter-grammars/tree-sitter-pioasm	https://github.com/leo60228/tree-sitter-pioasm	afece58efdb30440bddd151ef1347fa8d6f744a9
external/tree-sitter-grammars/tree-sitter-po	https://github.com/erasin/tree-sitter-po	bd860a0f57f697162bf28e576674be9c1500db5e
external/tree-sitter-grammars/tree-sitter-pod	https://github.com/tree-sitter-perl/tree-sitter-pod	57c606aa3373ba876d44113d13fe7bdc2c060723
external/tree-sitter-grammars/tree-sitter-poe-filter	https://github.com/ObserverOfTime/tree-sitter-poe-filter	205a7d576984feb38a9fc2d8cfe729617f9e0548
external/tree-sitter-grammars/tree-sitter-pony	https://github.com/amaanq/tree-sitter-pony	73ff874ae4c9e9b45462673cbc0a1e350e2522a7
external/tree-sitter-grammars/tree-sitter-powershell	https://github.com/airbus-cert/tree-sitter-powershell	d398441825243b00e317e87e1829b9d6a3e54ce0
external/tree-sitter-grammars/tree-sitter-printf	https://github.com/ObserverOfTime/tree-sitter-printf	ec4e5674573d5554fccb87a887c97d4aec489da7
external/tree-sitter-grammars/tree-sitter-prisma	https://github.com/victorhqc/tree-sitter-prisma	3556b2c1f20ec9ac91e92d32c43d9d2a0ca3cc49
external/tree-sitter-grammars/tree-sitter-prolog	https://github.com/foxyseta/tree-sitter-prolog	d8d415f6a1cf80ca138524bcc395810b176d40fa
external/tree-sitter-grammars/tree-sitter-promql	https://github.com/MichaHoffmann/tree-sitter-promql	77625d78eebc3ffc44d114a07b2f348dff3061b0
external/tree-sitter-grammars/tree-sitter-properties	https://github.com/tree-sitter-grammars/tree-sitter-properties	6310671b24d4e04b803577b1c675d765cbd5773b
external/tree-sitter-grammars/tree-sitter-proto	https://github.com/treywood/tree-sitter-proto	e9f6b43f6844bd2189b50a422d4e2094313f6aa3
external/tree-sitter-grammars/tree-sitter-prql	https://github.com/PRQL/tree-sitter-prql	09e158cd3650581c0af4c49c2e5b10c4834c8646
external/tree-sitter-grammars/tree-sitter-pug	https://github.com/zealot128/tree-sitter-pug	13e9195370172c86a8b88184cc358b23b677cc46
external/tree-sitter-grammars/tree-sitter-puppet	https://github.com/amaanq/tree-sitter-puppet	15f192929b7d317f5914de2b4accd37b349182a6
external/tree-sitter-grammars/tree-sitter-purescript	https://github.com/postsolar/tree-sitter-purescript	f541f95ffd6852fbbe88636317c613285bc105af
external/tree-sitter-grammars/tree-sitter-pymanifest	https://github.com/ObserverOfTime/tree-sitter-pymanifest	debbdb83fe6356adc7261c41c69b45ba49c97294
external/tree-sitter-grammars/tree-sitter-python	https://github.com/tree-sitter/tree-sitter-python	26855eabccb19c6abf499fbc5b8dc7cc9ab8bc64
external/tree-sitter-grammars/tree-sitter-ql	https://github.com/tree-sitter/tree-sitter-ql	1fd627a4e8bff8c24c11987474bd33112bead857
external/tree-sitter-grammars/tree-sitter-qmldir	https://github.com/Decodetalkers/tree-sitter-qmldir	1fa9200b3e57f728291f7a85b0a6990fc98387ac
external/tree-sitter-grammars/tree-sitter-qmljs	https://github.com/yuja/tree-sitter-qmljs	606a66b96a13ef30ed5c7ec7e5adc20a9a40157a
external/tree-sitter-grammars/tree-sitter-query	https://github.com/nvim-treesitter/tree-sitter-query	fc5409c6820dd5e02b0b0a309d3da2bfcde2db17
external/tree-sitter-grammars/tree-sitter-r	https://github.com/r-lib/tree-sitter-r	8ac99ed1e7ad319737fc11dde20c07d1e1942383
external/tree-sitter-grammars/tree-sitter-racket	https://github.com/6cdh/tree-sitter-racket	54649be8b939341d2d5410b594ab954fe8814bd0
external/tree-sitter-grammars/tree-sitter-ralph	https://github.com/alephium/tree-sitter-ralph	f6d81bf7a4599c77388035439cf5801cd461ff77
external/tree-sitter-grammars/tree-sitter-rasi	https://github.com/Fymyte/tree-sitter-rasi	e735c6881d8b475aaa4ef8f0a2bdfd825b438143
external/tree-sitter-grammars/tree-sitter-razor	https://github.com/tris203/tree-sitter-razor	a3399c26610817c6d32c7643793caf3729cfb6d2
external/tree-sitter-grammars/tree-sitter-rbs	https://github.com/joker1007/tree-sitter-rbs	5282e2f36d4109f5315c1d9486b5b0c2044622bb
external/tree-sitter-grammars/tree-sitter-re2c	https://github.com/amaanq/tree-sitter-re2c	c18a3c2f4b6665e35b7e50d6048ea3cff770c572
external/tree-sitter-grammars/tree-sitter-readline	https://github.com/ribru17/tree-sitter-readline	6b744c527aebd12e46a5ecb3aebdb8d621a8e83e
external/tree-sitter-grammars/tree-sitter-regex	https://github.com/tree-sitter/tree-sitter-regex	b2ac15e27fce703d2f37a79ccd94a5c0cbe9720b
external/tree-sitter-grammars/tree-sitter-rego	https://github.com/FallenAngel97/tree-sitter-rego	ddd39af81fe8b0288102a7cb97959dfce723e0f3
external/tree-sitter-grammars/tree-sitter-requirements	https://github.com/ObserverOfTime/tree-sitter-requirements	2c3bb291f497258ba417d052faa14a2dfee6d401
external/tree-sitter-grammars/tree-sitter-rescript	https://github.com/rescript-lang/tree-sitter-rescript	990214a83f25801dfe0226bd7e92bb71bba1970f
external/tree-sitter-grammars/tree-sitter-rnoweb	https://github.com/bamonroe/tree-sitter-rnoweb	1a74dc0ed731ad07db39f063e2c5a6fe528cae7f
external/tree-sitter-grammars/tree-sitter-robot	https://github.com/Hubro/tree-sitter-robot	b317756ae0fb90ca945f900c77cdd3513d0c0eb4
external/tree-sitter-grammars/tree-sitter-robots-txt	https://github.com/opa-oz/tree-sitter-robots-txt	0c066107e3548de79316a6a4ec771e2f7cf7c468
external/tree-sitter-grammars/tree-sitter-roc	https://github.com/faldor20/tree-sitter-roc	edc18052a9d7382ac9f9f5bf413db3a78d5ea12c
external/tree-sitter-grammars/tree-sitter-ron	https://github.com/amaanq/tree-sitter-ron	78938553b93075e638035f624973083451b29055
external/tree-sitter-grammars/tree-sitter-rst	https://github.com/stsewd/tree-sitter-rst	3a5e5468274d42e2f77163018170a78f7d11c2cc
external/tree-sitter-grammars/tree-sitter-ruby	https://github.com/tree-sitter/tree-sitter-ruby	ad907a69da0c8a4f7a943a7fe012712208da6dee
external/tree-sitter-grammars/tree-sitter-runescript	https://github.com/2004Scape/tree-sitter-runescript	cf85bbd5da0c5ad243301d889c7f84d790a4cae4
external/tree-sitter-grammars/tree-sitter-rust	https://github.com/tree-sitter/tree-sitter-rust	77a3747266f4d621d0757825e6b11edcbf991ca5
external/tree-sitter-grammars/tree-sitter-scala	https://github.com/tree-sitter/tree-sitter-scala	4d081d98670ff6e98ca42c085294fc75eec15e1d
external/tree-sitter-grammars/tree-sitter-scfg	https://github.com/rockorager/tree-sitter-scfg	d850fd470445d73de318a21d734d1e09e29b773c
external/tree-sitter-grammars/tree-sitter-scheme	https://github.com/6cdh/tree-sitter-scheme	c6cb7c7d7a04b3f5d999c28e2e9c0c31b2d50ece
external/tree-sitter-grammars/tree-sitter-scss	https://github.com/serenadeai/tree-sitter-scss	c478c6868648eff49eb04a4df90d703dc45b312a
external/tree-sitter-grammars/tree-sitter-sfapex	https://github.com/aheber/tree-sitter-sfapex	27a3091a1a444ce19d6099e00cd3788f019d0c2b
external/tree-sitter-grammars/tree-sitter-slang	https://github.com/theHamsta/tree-sitter-slang	1dbcc4abc7b3cdd663eb03d93031167d6ed19f56
external/tree-sitter-grammars/tree-sitter-slim	https://github.com/theoo/tree-sitter-slim	d4ff7e388eb271c04662f2176c08548c9c51078f
external/tree-sitter-grammars/tree-sitter-slint	https://github.com/slint-ui/tree-sitter-slint	68b25244cec6eb9d7f8f790ef781c29c822d8f84
external/tree-sitter-grammars/tree-sitter-smali	https://github.com/tree-sitter-grammars/tree-sitter-smali	fdfa6a1febc43c7467aa7e937b87b607956f2346
external/tree-sitter-grammars/tree-sitter-smithy	https://github.com/indoorvivants/tree-sitter-smithy	ec4fe14586f2b0a1bc65d6db17f8d8acd8a90433
external/tree-sitter-grammars/tree-sitter-snakemake	https://github.com/osthomas/tree-sitter-snakemake	68010430c3e51c0e84c1ce21c6551df0e2469f51
external/tree-sitter-grammars/tree-sitter-solidity	https://github.com/JoranHonig/tree-sitter-solidity	048fe686cb1fde267243739b8bdbec8fc3a55272
external/tree-sitter-grammars/tree-sitter-sourcepawn	https://github.com/nilshelmig/tree-sitter-sourcepawn	5a8fdd446b516c81e218245c12129c6ad4bccfa2
external/tree-sitter-grammars/tree-sitter-sparql	https://github.com/GordianDziwis/tree-sitter-sparql	1ef52d35a73a2a5f2e433ecfd1c751c1360a923b
external/tree-sitter-grammars/tree-sitter-sql	https://github.com/derekstride/tree-sitter-sql	c2e1e08db1ea20dc23bdb8d228a81a8756e9c450
external/tree-sitter-grammars/tree-sitter-squirrel	https://github.com/amaanq/tree-sitter-squirrel	072c969749e66f000dba35a33c387650e203e96e
external/tree-sitter-grammars/tree-sitter-ssh-config	https://github.com/ObserverOfTime/tree-sitter-ssh-config	71d2693deadaca8cdc09e38ba41d2f6042da1616
external/tree-sitter-grammars/tree-sitter-starlark	https://github.com/amaanq/tree-sitter-starlark	a453dbf3ba433db0e5ec621a38a7e59d72e4dc69
external/tree-sitter-grammars/tree-sitter-strace	https://github.com/sigmaSd/tree-sitter-strace	ac874ddfcc08d689fee1f4533789e06d88388f29
external/tree-sitter-grammars/tree-sitter-styled	https://github.com/mskelton/tree-sitter-styled	319cdcaa0346ba6db668a222d938e5c3569e2a51
external/tree-sitter-grammars/tree-sitter-supercollider	https://github.com/madskjeldgaard/tree-sitter-supercollider	2b03ff49dd19b046add072d0861c4d1ca8a384c8
external/tree-sitter-grammars/tree-sitter-surface	https://github.com/connorlay/tree-sitter-surface	f4586b35ac8548667a9aaa4eae44456c1f43d032
external/tree-sitter-grammars/tree-sitter-svelte	https://github.com/tree-sitter-grammars/tree-sitter-svelte	ae5199db47757f785e43a14b332118a5474de1a2
external/tree-sitter-grammars/tree-sitter-sway	https://github.com/FuelLabs/tree-sitter-sway.git	9b7845ce06ecb38b040c3940970b4fd0adc331d1
external/tree-sitter-grammars/tree-sitter-swift	https://github.com/alex-pinkus/tree-sitter-swift	a923ac6d78d6f3132d996ecd189a4c7ca13c8d9d
external/tree-sitter-grammars/tree-sitter-sxhkdrc	https://github.com/RaafatTurki/tree-sitter-sxhkdrc	440d5f913d9465c9c776a1bd92334d32febcf065
external/tree-sitter-grammars/tree-sitter-systemtap	https://github.com/ok-ryoko/tree-sitter-systemtap	f2b378a9af0b7e1192cff67a5fb45508c927205d
external/tree-sitter-grammars/tree-sitter-systemverilog	https://github.com/gmlarumbe/tree-sitter-systemverilog	cb5050f6575df47b7492d4b8858f8c4caa04c375
external/tree-sitter-grammars/tree-sitter-t32	https://gitlab.com/xasc/tree-sitter-t32.git	10efedb0e446c15385f8578d22dcba24cf622e9d
external/tree-sitter-grammars/tree-sitter-tablegen	https://github.com/amaanq/tree-sitter-tablegen	b1170880c61355aaf38fc06f4af7d3c55abdabc4
external/tree-sitter-grammars/tree-sitter-tact	https://github.com/tact-lang/tree-sitter-tact	a6267c2091ed432c248780cec9f8d42c8766d9ad
external/tree-sitter-grammars/tree-sitter-tcl	https://github.com/tree-sitter-grammars/tree-sitter-tcl	8f11ac7206a54ed11210491cee1e0657e2962c47
external/tree-sitter-grammars/tree-sitter-teal	https://github.com/euclidianAce/tree-sitter-teal	05d276e737055e6f77a21335b7573c9d3c091e2f
external/tree-sitter-grammars/tree-sitter-templ	https://github.com/vrischmann/tree-sitter-templ	68d6707ed20159ae7525241b8161c126dc1c620c
external/tree-sitter-grammars/tree-sitter-tera	https://github.com/uncenter/tree-sitter-tera	3a38c368e806268daac9923a27e72bcafbbc16bb
external/tree-sitter-grammars/tree-sitter-textproto	https://github.com/PorterAtGoogle/tree-sitter-textproto	568471b80fd8793d37ed01865d8c2208a9fefd1b
external/tree-sitter-grammars/tree-sitter-thrift	https://github.com/duskmoon314/tree-sitter-thrift	68fd0d80943a828d9e6f49c58a74be1e9ca142cf
external/tree-sitter-grammars/tree-sitter-tiger	https://github.com/ambroisie/tree-sitter-tiger	4a77b2d7a004587646bddc4e854779044b6db459
external/tree-sitter-grammars/tree-sitter-tlaplus	https://github.com/tlaplus-community/tree-sitter-tlaplus	add40814fda369f6efd989977b2c498aaddde984
external/tree-sitter-grammars/tree-sitter-tmux	https://github.com/Freed-Wu/tree-sitter-tmux	75d1b995b0c23400ac8e49db757a2e0386f9fa8f
external/tree-sitter-grammars/tree-sitter-todotxt	https://github.com/arnarg/tree-sitter-todotxt	3937c5cd105ec4127448651a21aef45f52d19609
external/tree-sitter-grammars/tree-sitter-toml	https://github.com/tree-sitter-grammars/tree-sitter-toml	64b56832c2cffe41758f28e05c756a3a98d16f41
external/tree-sitter-grammars/tree-sitter-turtle	https://github.com/GordianDziwis/tree-sitter-turtle	7f789ea7ef765080f71a298fc96b7c957fa24422
external/tree-sitter-grammars/tree-sitter-twig	https://github.com/gbprod/tree-sitter-twig	0afd9a6d808944e65a7be393e31868b85345735f
external/tree-sitter-grammars/tree-sitter-typescript	https://github.com/tree-sitter/tree-sitter-typescript	75b3874edb2dc714fb1fd77a32013d0f8699989f
external/tree-sitter-grammars/tree-sitter-typespec	https://github.com/happenslol/tree-sitter-typespec	395bef1e1eb4dd18365401642beb534e8a244056
external/tree-sitter-grammars/tree-sitter-typoscript	https://github.com/Teddytrombone/tree-sitter-typoscript	b5d0162b328ec52cf300054a8a23d47f84f55cb4
external/tree-sitter-grammars/tree-sitter-typst	https://github.com/uben0/tree-sitter-typst	46cf4ded12ee974a70bf8457263b67ad7ee0379d
external/tree-sitter-grammars/tree-sitter-udev	https://github.com/ObserverOfTime/tree-sitter-udev	2fcb563a4d56a6b8e8c129252325fc6335e4acbf
external/tree-sitter-grammars/tree-sitter-ungrammar	https://github.com/Philipp-M/tree-sitter-ungrammar	debd26fed283d80456ebafa33a06957b0c52e451
external/tree-sitter-grammars/tree-sitter-unison	https://github.com/kylegoetz/tree-sitter-unison	10365cc70ab2b2de85ea7ab35cf6b7636c36ce8b
external/tree-sitter-grammars/tree-sitter-usd	https://github.com/ColinKennedy/tree-sitter-usd	4e0875f724d94d0c2ff36f9b8cb0b12f8b20d216
external/tree-sitter-grammars/tree-sitter-uxntal	https://github.com/amaanq/tree-sitter-uxntal	ad9b638b914095320de85d59c49ab271603af048
external/tree-sitter-grammars/tree-sitter-vala	https://github.com/vala-lang/tree-sitter-vala	97e6db3c8c73b15a9541a458d8e797a07f588ef4
external/tree-sitter-grammars/tree-sitter-vento	https://github.com/ventojs/tree-sitter-vento	4569bc1fb81f050ca4ef3ceefdd31cfeb35c4f0a
external/tree-sitter-grammars/tree-sitter-vhdl	https://github.com/jpt13653903/tree-sitter-vhdl	b8e31d110c6b039899d0f307792bdb0ff50ece2c
external/tree-sitter-grammars/tree-sitter-vhs	https://github.com/charmbracelet/tree-sitter-vhs	0c6fae9d2cfc5b217bfd1fe84a7678f5917116db
external/tree-sitter-grammars/tree-sitter-vim	https://github.com/neovim/tree-sitter-vim	3092fcd99eb87bbd0fc434aa03650ba58bd5b43b
external/tree-sitter-grammars/tree-sitter-vimdoc	https://github.com/neovim/tree-sitter-vimdoc	f061895a0eff1d5b90e4fb60d21d87be3267031a
external/tree-sitter-grammars/tree-sitter-vrl	https://github.com/belltoy/tree-sitter-vrl	274b3ce63f72aa8ffea18e7fc280d3062d28f0ba
external/tree-sitter-grammars/tree-sitter-vue	https://github.com/tree-sitter-grammars/tree-sitter-vue	ce8011a414fdf8091f4e4071752efc376f4afb08
external/tree-sitter-grammars/tree-sitter-wgsl	https://github.com/szebniok/tree-sitter-wgsl	40259f3c77ea856841a4e0c4c807705f3e4a2b65
external/tree-sitter-grammars/tree-sitter-wgsl-bevy	https://github.com/theHamsta/tree-sitter-wgsl-bevy	d9306a798ede627001a8e5752f775858c8edd7e4
external/tree-sitter-grammars/tree-sitter-wing	https://github.com/winglang/tree-sitter-wing	76e0c25844a66ebc6e866d690fcc5f4e90698947
external/tree-sitter-grammars/tree-sitter-wit	https://github.com/liamwh/tree-sitter-wit	ae17db1678681a8e75c1ac48107d6efb95343cb3
external/tree-sitter-grammars/tree-sitter-xcompose	https://github.com/ObserverOfTime/tree-sitter-xcompose	a51d6366f041dbefec4da39a7eb3168a9b1cbc0e
external/tree-sitter-grammars/tree-sitter-xml	https://github.com/tree-sitter-grammars/tree-sitter-xml	5000ae8f22d11fbe93939b05c1e37cf21117162d
external/tree-sitter-grammars/tree-sitter-xresources	https://github.com/ValdezFOmar/tree-sitter-xresources	586e9a578f473bf39b17d302d7f33f1777652967
external/tree-sitter-grammars/tree-sitter-yaml	https://github.com/tree-sitter-grammars/tree-sitter-yaml	a1c4812a73ec5e089de8e441fdea3a921e8d5079
external/tree-sitter-grammars/tree-sitter-yang	https://github.com/Hubro/tree-sitter-yang	2c0e6be8dd4dcb961c345fa35c309ad4f5bd3502
external/tree-sitter-grammars/tree-sitter-yuck	https://github.com/Philipp-M/tree-sitter-yuck	6c60112b3b3e739fb1ca4a8ea4bea2b6ffe11318
external/tree-sitter-grammars/tree-sitter-zathurarc	https://github.com/Freed-Wu/tree-sitter-zathurarc	0554b4a5d313244b7fc000cbb41c04afae4f4e31
external/tree-sitter-grammars/tree-sitter-zig	https://github.com/tree-sitter-grammars/tree-sitter-zig	6479aa13f32f701c383083d8b28360ebd682fb7d
